full_name,html_url,description,default_branch,head_sha,archived,fork,parent,has_issues,issue_total,pr_total,license,issues_url,prs_url,commits_url,host,category,checked_date,priority,assessment_status,note
lowRISC/ibex,https://github.com/lowRISC/ibex,Ibex is a small 32-bit RISC-V CPU core with high-level of verification (previously known as zero-riscy),master,7cd891ef267e8db36813b29cb8851142ab2636d5,False,False,,True,921,1559,Apache-2.0,https://github.com/lowRISC/ibex/issues,https://github.com/lowRISC/ibex/pulls,https://github.com/lowRISC/ibex/commits/master,github,core,2026-09-28,initial,metadata-only,"Start with CSR, trap, debug, PMP, and co-simulation configuration. Compare with independent core families."
openhwfoundation/cv32e40p,https://github.com/openhwfoundation/cv32e40p,CV32E40P is an in-order 4-stage RISC-V RV32IMFCXpulp CPU based on RI5CY from PULP-Platform,master,6033d2b1be3295ec774d17ac4cf226faacfdeb08,False,False,,True,504,548,NOASSERTION,https://github.com/openhwfoundation/cv32e40p/issues,https://github.com/openhwfoundation/cv32e40p/pulls,https://github.com/openhwfoundation/cv32e40p/commits/master,github,core,2026-09-28,initial,metadata-only,Investigate pipeline stalls and writeback together with core-v-verif. Deduplicate RI5CY-derived fixes.
openhwfoundation/cv32e40x,https://github.com/openhwfoundation/cv32e40x,"4 stage, in-order, compute RISC-V core based on the CV32E40P",master,d952cd63bc1b4eb58cd893c28ef8283c781e345e,False,False,,True,221,778,NOASSERTION,https://github.com/openhwfoundation/cv32e40x/issues,https://github.com/openhwfoundation/cv32e40x/pulls,https://github.com/openhwfoundation/cv32e40x/commits/master,github,core,2026-09-28,initial,metadata-only,Track configuration-specific changes and shared ancestry with CV32E40P.
openhwfoundation/cv32e40s,https://github.com/openhwfoundation/cv32e40s,"4 stage, in-order, secure RISC-V core based on the CV32E40P",master,9d9cae78b01a11458953133d1173c61933a2ba86,False,False,,True,94,438,NOASSERTION,https://github.com/openhwfoundation/cv32e40s/issues,https://github.com/openhwfoundation/cv32e40s/pulls,https://github.com/openhwfoundation/cv32e40s/commits/master,github,core,2026-09-28,initial,metadata-only,Separate security-specific requirements from general pipeline properties.
openhwfoundation/cva6,https://github.com/openhwfoundation/cva6,"The CORE-V CVA6 is a highly configurable, 6-stage RISC-V core for both application and embedded applications. Application class configurations are capable of booting Linux.",master,81245a47fad8fe1a5d562d953ef2662e099def76,False,False,,True,1404,2134,NOASSERTION,https://github.com/openhwfoundation/cva6/issues,https://github.com/openhwfoundation/cva6/pulls,https://github.com/openhwfoundation/cva6/commits/master,github,core,2026-09-28,initial,metadata-only,"Expand into MMU, cache, LSU, and privilege boundaries; preserve configuration-specific applicability."
openhwfoundation/core-v-verif,https://github.com/openhwfoundation/core-v-verif,Functional verification project for the CORE-V family of RISC-V cores.,master,083728bd8d548fd188e0ef43e0c1b038bce24002,False,False,,True,554,2176,NOASSERTION,https://github.com/openhwfoundation/core-v-verif/issues,https://github.com/openhwfoundation/core-v-verif/pulls,https://github.com/openhwfoundation/core-v-verif/commits/master,github,related,2026-09-28,initial,metadata-only,"Investigate verification oracles, AXI response models, and test configuration separately from core RTL."
chipsalliance/rocket-chip,https://github.com/chipsalliance/rocket-chip,Rocket Chip Generator,master,ece7b9ad544b07df39cd13b6fd7236562a26355d,False,False,,True,1029,2711,NOASSERTION,https://github.com/chipsalliance/rocket-chip/issues,https://github.com/chipsalliance/rocket-chip/pulls,https://github.com/chipsalliance/rocket-chip/commits/master,github,core,2026-09-28,expansion,metadata-only,"Separate core, cache, generator, and TileLink integration changes."
riscv-boom/riscv-boom,https://github.com/riscv-boom/riscv-boom,SonicBOOM: The Berkeley Out-of-Order Machine,master,58ef2720eae13be26b3008c02b5a74ce29c61c44,False,False,,True,366,445,BSD-3-Clause,https://github.com/riscv-boom/riscv-boom/issues,https://github.com/riscv-boom/riscv-boom/pulls,https://github.com/riscv-boom/riscv-boom/commits/master,github,core,2026-09-28,expansion,metadata-only,Create explicit applicability tags for speculative and out-of-order execution; track Chipyard revisions.
ucb-bar/chipyard,https://github.com/ucb-bar/chipyard,"An Agile RISC-V SoC Design Framework with in-order cores, out-of-order cores, accelerators, and more",main,371ab92dd09917b6ab05d58bf762b173c52f4224,False,False,,True,722,1623,BSD-3-Clause,https://github.com/ucb-bar/chipyard/issues,https://github.com/ucb-bar/chipyard/pulls,https://github.com/ucb-bar/chipyard/commits/main,github,related,2026-09-28,expansion,metadata-only,"Check applicability, lineage, fixing revisions, and regression evidence before extracting review questions."
SpinalHDL/VexRiscv,https://github.com/SpinalHDL/VexRiscv,A FPGA friendly 32 bit RISC-V CPU implementation,master,baf7dc82f855eddaf5b0a20a6802c526f127e38a,False,False,,True,380,118,MIT,https://github.com/SpinalHDL/VexRiscv/issues,https://github.com/SpinalHDL/VexRiscv/pulls,https://github.com/SpinalHDL/VexRiscv/commits/master,github,core,2026-09-28,initial,metadata-only,"Inspect generated configurations, MMIO access widths, and bus integration; retain generator sources."
SpinalHDL/VexiiRiscv,https://github.com/SpinalHDL/VexiiRiscv,"Like VexRiscv, but, Harder, Better, Faster, Stronger",dev,21740de5f95c2a08ff59a3df4bbb9d3c609ec64d,False,False,,True,103,84,MIT,https://github.com/SpinalHDL/VexiiRiscv/issues,https://github.com/SpinalHDL/VexiiRiscv/pulls,https://github.com/SpinalHDL/VexiiRiscv/commits/dev,github,core,2026-09-28,expansion,metadata-only,"Check applicability, lineage, fixing revisions, and regression evidence before extracting review questions."
SpinalHDL/NaxRiscv,https://github.com/SpinalHDL/NaxRiscv,,main,9f452d50560d02fb391bc8039f5453c54e0911af,False,False,,True,144,25,MIT,https://github.com/SpinalHDL/NaxRiscv/issues,https://github.com/SpinalHDL/NaxRiscv/pulls,https://github.com/SpinalHDL/NaxRiscv/commits/main,github,core,2026-09-28,expansion,metadata-only,"Check applicability, lineage, fixing revisions, and regression evidence before extracting review questions."
stnolting/neorv32,https://github.com/stnolting/neorv32,"🖥️ A small, customizable and extensible MCU-class 32-bit RISC-V soft-core CPU and microcontroller-like SoC written in platform-independent VHDL.",main,c7a9c613a65dbf0bc37124540fe7abf89298c5c6,False,False,,True,307,1070,BSD-3-Clause,https://github.com/stnolting/neorv32/issues,https://github.com/stnolting/neorv32/pulls,https://github.com/stnolting/neorv32/commits/main,github,core,2026-09-28,initial,metadata-only,Use an independent VHDL CPU/SoC lineage to test portability of CSR and integration review questions.
YosysHQ/picorv32,https://github.com/YosysHQ/picorv32,PicoRV32 - A Size-Optimized RISC-V CPU,main,ef203c2b0a3fb793280f5114941416c425c5b461,True,False,,True,192,104,ISC,https://github.com/YosysHQ/picorv32/issues,https://github.com/YosysHQ/picorv32/pulls,https://github.com/YosysHQ/picorv32/commits/main,github,core,2026-09-28,expansion,metadata-only,Archived repositories remain useful historical evidence; do not imply current maintenance.
olofk/serv,https://github.com/olofk/serv,SERV - The SErial RISC-V CPU,main,f200eb2ed7b69ac1c6b8eddd47654522aeee5ce8,False,False,,True,71,99,ISC,https://github.com/olofk/serv/issues,https://github.com/olofk/serv/pulls,https://github.com/olofk/serv/commits/main,github,core,2026-09-28,expansion,metadata-only,"Check applicability, lineage, fixing revisions, and regression evidence before extracting review questions."
enjoy-digital/litex,https://github.com/enjoy-digital/litex,"Build your hardware, easily!",master,b6ae9e0b227354aecffef5339d3e946f2395ac09,False,False,,True,940,1693,NOASSERTION,https://github.com/enjoy-digital/litex/issues,https://github.com/enjoy-digital/litex/pulls,https://github.com/enjoy-digital/litex/commits/master,github,related,2026-09-28,expansion,metadata-only,"Check applicability, lineage, fixing revisions, and regression evidence before extracting review questions."
ultraembedded/biriscv,https://github.com/ultraembedded/biriscv,32-bit Superscalar RISC-V CPU,master,6af9c4be5a0807d368eaad5e49af52322e31d073,False,False,,True,41,5,Apache-2.0,https://github.com/ultraembedded/biriscv/issues,https://github.com/ultraembedded/biriscv/pulls,https://github.com/ultraembedded/biriscv/commits/master,github,core,2026-09-28,expansion,metadata-only,"Check applicability, lineage, fixing revisions, and regression evidence before extracting review questions."
ultraembedded/riscv,https://github.com/ultraembedded/riscv,RISC-V CPU Core (RV32IM),master,7ae6f803e30f78c6ea3121e73c3adf50ff912730,False,False,,True,20,3,BSD-3-Clause,https://github.com/ultraembedded/riscv/issues,https://github.com/ultraembedded/riscv/pulls,https://github.com/ultraembedded/riscv/commits/master,github,core,2026-09-28,expansion,metadata-only,"Check applicability, lineage, fixing revisions, and regression evidence before extracting review questions."
syntacore/scr1,https://github.com/syntacore/scr1,SCR1 is a high-quality open-source RISC-V MCU core in Verilog,master,ebb5e3551a9d93c0ee95f0b767dd878b8927e702,False,False,,True,61,19,NOASSERTION,https://github.com/syntacore/scr1/issues,https://github.com/syntacore/scr1/pulls,https://github.com/syntacore/scr1/commits/master,github,core,2026-09-28,expansion,metadata-only,"Check applicability, lineage, fixing revisions, and regression evidence before extracting review questions."
chipsalliance/Cores-VeeR-EH1,https://github.com/chipsalliance/Cores-VeeR-EH1,VeeR EH1 core,main,d04b1c7ae675a63dc4307cacfd10547ec937b928,False,False,,True,104,32,Apache-2.0,https://github.com/chipsalliance/Cores-VeeR-EH1/issues,https://github.com/chipsalliance/Cores-VeeR-EH1/pulls,https://github.com/chipsalliance/Cores-VeeR-EH1/commits/main,github,core,2026-09-28,expansion,metadata-only,"Check applicability, lineage, fixing revisions, and regression evidence before extracting review questions."
chipsalliance/Cores-VeeR-EH2,https://github.com/chipsalliance/Cores-VeeR-EH2,VeeR EH2 core,main,bd52450b144db1c2bb441e53b442c2af5a8e7b59,False,False,,True,40,14,Apache-2.0,https://github.com/chipsalliance/Cores-VeeR-EH2/issues,https://github.com/chipsalliance/Cores-VeeR-EH2/pulls,https://github.com/chipsalliance/Cores-VeeR-EH2/commits/main,github,core,2026-09-28,expansion,metadata-only,"Check applicability, lineage, fixing revisions, and regression evidence before extracting review questions."
chipsalliance/Cores-VeeR-EL2,https://github.com/chipsalliance/Cores-VeeR-EL2,VeeR EL2 Core,main,bd45393974fd3354b627543cb122747f474f7f1e,False,False,,True,139,418,Apache-2.0,https://github.com/chipsalliance/Cores-VeeR-EL2/issues,https://github.com/chipsalliance/Cores-VeeR-EL2/pulls,https://github.com/chipsalliance/Cores-VeeR-EL2/commits/main,github,core,2026-09-28,initial,metadata-only,"Inspect memory, ECC, DMA, and core integration; distinguish Caliptra changes from upstream fixes."
lowRISC/opentitan,https://github.com/lowRISC/opentitan,OpenTitan: Open source silicon root of trust,master,69d82086985aee7cb338ced7a2df7dc93dd59679,False,False,,True,7878,23573,Apache-2.0,https://github.com/lowRISC/opentitan/issues,https://github.com/lowRISC/opentitan/pulls,https://github.com/lowRISC/opentitan/commits/master,github,related,2026-09-28,expansion,metadata-only,"Check applicability, lineage, fixing revisions, and regression evidence before extracting review questions."
pulp-platform/snitch_cluster,https://github.com/pulp-platform/snitch_cluster,An energy-efficient RISC-V floating-point compute cluster.,main,57ca4817ffe5c0f8e4c57f9e7b04e1257e89dad7,False,False,,True,75,270,Apache-2.0,https://github.com/pulp-platform/snitch_cluster/issues,https://github.com/pulp-platform/snitch_cluster/pulls,https://github.com/pulp-platform/snitch_cluster/commits/main,github,core,2026-09-28,expansion,metadata-only,Follow the transition from the archived snitch repository and distinguish cluster-specific behavior.
pulp-platform/snitch,https://github.com/pulp-platform/snitch,⛔ DEPRECATED ⛔ Lean but mean RISC-V system!,master,0fb308e47fc21c72f782a95438808e68aa016c35,True,False,,True,50,430,Apache-2.0,https://github.com/pulp-platform/snitch/issues,https://github.com/pulp-platform/snitch/pulls,https://github.com/pulp-platform/snitch/commits/master,github,lineage,2026-09-28,expansion,metadata-only,"Check applicability, lineage, fixing revisions, and regression evidence before extracting review questions."
pulp-platform/cv32e40p,https://github.com/pulp-platform/cv32e40p,CV32E40P is an in-order 4-stage RISC-V RV32IMFCXpulp CPU based on RI5CY from PULP-Platform,master,e1891cd1f76082420c9035d82be55a7c7d6a80db,False,True,openhwfoundation/cv32e40p,False,0,5,NOASSERTION,https://github.com/pulp-platform/cv32e40p/issues,https://github.com/pulp-platform/cv32e40p/pulls,https://github.com/pulp-platform/cv32e40p/commits/master,github,lineage,2026-09-28,expansion,metadata-only,"Check applicability, lineage, fixing revisions, and regression evidence before extracting review questions."
pulp-platform/ibex,https://github.com/pulp-platform/ibex,"Ibex is a small 32 bit RISC-V CPU core, previously known as zero-riscy.",master,5693d7da3264f96e52b05a496cf447fe532606f7,True,True,lowRISC/ibex,False,0,0,Apache-2.0,https://github.com/pulp-platform/ibex/issues,https://github.com/pulp-platform/ibex/pulls,https://github.com/pulp-platform/ibex/commits/master,github,lineage,2026-09-28,expansion,metadata-only,"Check applicability, lineage, fixing revisions, and regression evidence before extracting review questions."
pulp-platform/ara,https://github.com/pulp-platform/ara,"The PULP Ara is a 64-bit Vector Unit, compatible with the RISC-V Vector Extension Version 1.0, working as a coprocessor to CORE-V's CVA6 core",main,34bd3bc152421b4601a7bf3d6e8e91ffb545c99e,False,False,,True,245,253,NOASSERTION,https://github.com/pulp-platform/ara/issues,https://github.com/pulp-platform/ara/pulls,https://github.com/pulp-platform/ara/commits/main,github,related,2026-09-28,expansion,metadata-only,"Check applicability, lineage, fixing revisions, and regression evidence before extracting review questions."
OpenXiangShan/XiangShan,https://github.com/OpenXiangShan/XiangShan,Open-source high-performance RISC-V processor,kunminghu-v3,aa6b52033add528a504bdb2c2b726100d89f070a,False,False,,True,897,5675,MulanPSL-2.0,https://github.com/OpenXiangShan/XiangShan/issues,https://github.com/OpenXiangShan/XiangShan/pulls,https://github.com/OpenXiangShan/XiangShan/commits/kunminghu-v3,github,core,2026-09-28,expansion,metadata-only,Begin with a bounded subsystem such as LSU or exception handling rather than the entire history.
OpenXiangShan/difftest,https://github.com/OpenXiangShan/difftest,Modern co-simulation framework for RISC-V CPUs,master,4c64fe86b17e0564232b52bb3800d9b15c45a3a0,False,False,,True,58,916,MulanPSL-2.0,https://github.com/OpenXiangShan/difftest/issues,https://github.com/OpenXiangShan/difftest/pulls,https://github.com/OpenXiangShan/difftest/commits/master,github,related,2026-09-28,expansion,metadata-only,"Check applicability, lineage, fixing revisions, and regression evidence before extracting review questions."
OpenXiangShan/NEMU,https://github.com/OpenXiangShan/NEMU,Super fast RISC-V ISA emulator for XiangShan processor,master,e9b6749676d275745ed6ccc563533f22a5b9e2cc,False,False,,True,178,1054,NOASSERTION,https://github.com/OpenXiangShan/NEMU/issues,https://github.com/OpenXiangShan/NEMU/pulls,https://github.com/OpenXiangShan/NEMU/commits/master,github,related,2026-09-28,expansion,metadata-only,"Check applicability, lineage, fixing revisions, and regression evidence before extracting review questions."
OpenXiangShan/CoupledL2,https://github.com/OpenXiangShan/CoupledL2,Open-source non-blocking L2 cache,kunminghu-v2,55d8e69c690690dbc786e9ca2f3839a95555df95,False,False,,True,2,526,NOASSERTION,https://github.com/OpenXiangShan/CoupledL2/issues,https://github.com/OpenXiangShan/CoupledL2/pulls,https://github.com/OpenXiangShan/CoupledL2/commits/kunminghu-v2,github,related,2026-09-28,expansion,metadata-only,"Check applicability, lineage, fixing revisions, and regression evidence before extracting review questions."
black-parrot/black-parrot,https://github.com/black-parrot/black-parrot,A Linux-capable RISC-V multicore for and by the world,master,fc7c4ae5ad6b21143afc4f378a678bafa422681b,False,False,,True,438,899,BSD-3-Clause,https://github.com/black-parrot/black-parrot/issues,https://github.com/black-parrot/black-parrot/pulls,https://github.com/black-parrot/black-parrot/commits/master,github,core,2026-09-28,expansion,metadata-only,"Check applicability, lineage, fixing revisions, and regression evidence before extracting review questions."
bluespec/Piccolo,https://github.com/bluespec/Piccolo,"RISC-V CPU, simple 3-stage pipeline, for low-end applications (e.g., embedded, IoT)",master,8a80b63af7e0036833836c91fc95f18f74c5fafa,False,False,,True,26,18,Apache-2.0,https://github.com/bluespec/Piccolo/issues,https://github.com/bluespec/Piccolo/pulls,https://github.com/bluespec/Piccolo/commits/master,github,core,2026-09-28,expansion,metadata-only,"Check applicability, lineage, fixing revisions, and regression evidence before extracting review questions."
bluespec/Flute,https://github.com/bluespec/Flute,"RISC-V CPU, simple 5-stage in-order pipeline, for low-end applications needing MMUs and some performance",master,9b2b056527429e509c719c417a588b3ea594949b,False,False,,True,16,27,Apache-2.0,https://github.com/bluespec/Flute/issues,https://github.com/bluespec/Flute/pulls,https://github.com/bluespec/Flute/commits/master,github,core,2026-09-28,expansion,metadata-only,"Check applicability, lineage, fixing revisions, and regression evidence before extracting review questions."
bluespec/Toooba,https://github.com/bluespec/Toooba,"RISC-V Core; superscalar, out-of-order, multi-core capable; based on RISCY-OOO from MIT",master,81f926f863a591478638ee9e182ac4b6fbf86d5a,False,False,,True,7,34,NOASSERTION,https://github.com/bluespec/Toooba/issues,https://github.com/bluespec/Toooba/pulls,https://github.com/bluespec/Toooba/commits/master,github,core,2026-09-28,expansion,metadata-only,"Check applicability, lineage, fixing revisions, and regression evidence before extracting review questions."
riscv-software-src/riscv-isa-sim,https://github.com/riscv-software-src/riscv-isa-sim,"Spike, a RISC-V ISA Simulator",master,7ab2efd6785e847c6d13d810c0b25b7c9c26bd21,False,False,,True,1114,1327,NOASSERTION,https://github.com/riscv-software-src/riscv-isa-sim/issues,https://github.com/riscv-software-src/riscv-isa-sim/pulls,https://github.com/riscv-software-src/riscv-isa-sim/commits/master,github,related,2026-09-28,expansion,metadata-only,"Check applicability, lineage, fixing revisions, and regression evidence before extracting review questions."
riscv-mcu/e203_hbirdv2,https://github.com/riscv-mcu/e203_hbirdv2,The Ultra-Low Power RISC-V Core,master,9f3e34f337f5d0a1236a285871ffa2032491617a,False,False,,True,24,29,Apache-2.0,https://github.com/riscv-mcu/e203_hbirdv2/issues,https://github.com/riscv-mcu/e203_hbirdv2/pulls,https://github.com/riscv-mcu/e203_hbirdv2/commits/master,github,core,2026-09-28,expansion,metadata-only,"Check applicability, lineage, fixing revisions, and regression evidence before extracting review questions."
SpinalHDL/SaxonSoc,https://github.com/SpinalHDL/SaxonSoc,SoC based on VexRiscv and ICE40 UP5K,dev-0.3,227b8686b734c7995b10ce81e193a01b010d2407,False,False,,True,31,50,MIT,https://github.com/SpinalHDL/SaxonSoc/issues,https://github.com/SpinalHDL/SaxonSoc/pulls,https://github.com/SpinalHDL/SaxonSoc/commits/dev-0.3,github,related,2026-09-28,expansion,metadata-only,"Check applicability, lineage, fixing revisions, and regression evidence before extracting review questions."
sifive/freedom,https://github.com/sifive/freedom,Source files for SiFive's Freedom platforms,master,b348a50d5d10ffa94ab2a07a33622b1c634a01ea,True,False,,True,137,36,Apache-2.0,https://github.com/sifive/freedom/issues,https://github.com/sifive/freedom/pulls,https://github.com/sifive/freedom/commits/master,github,lineage,2026-09-28,expansion,metadata-only,"Check applicability, lineage, fixing revisions, and regression evidence before extracting review questions."
openhwfoundation/cve2,https://github.com/openhwfoundation/cve2,"The CORE-V CVE2 is a small 32 bit RISC-V CPU core (RV32IMC/EMC) with a two stage pipeline, based on the original zero-riscy work from ETH Zurich and Ibex work from lowRISC.",main,d079e8c8e6a08b330940ae123876ba0612bec18d,False,True,lowRISC/ibex,True,220,113,Apache-2.0,https://github.com/openhwfoundation/cve2/issues,https://github.com/openhwfoundation/cve2/pulls,https://github.com/openhwfoundation/cve2/commits/main,github,core,2026-09-28,expansion,metadata-only,Track Ibex/zero-riscy ancestry; do not count inherited fixes as independent discoveries.
openhwfoundation/cva5,https://github.com/openhwfoundation/cva5,The CORE-V CVA5 is an Application class 5-stage RISC-V CPU specifically targetting FPGA implementations.,master,2acf79fa87a94869eb8650c9b5805f14a7d3d9f8,False,False,,True,16,17,Apache-2.0,https://github.com/openhwfoundation/cva5/issues,https://github.com/openhwfoundation/cva5/pulls,https://github.com/openhwfoundation/cva5/commits/master,github,core,2026-09-28,expansion,metadata-only,"Check applicability, lineage, fixing revisions, and regression evidence before extracting review questions."
openhwfoundation/cvw,https://github.com/openhwfoundation/cvw,"CORE-V Wally is a configurable RISC-V Processor associated with RISC-V System-on-Chip Design textbook. Contains a 5-stage pipeline, support for A, B, C, D, F,  M and Q extensions, and optional caches, BP, FPU, VM/MMU, AHB, RAMs, and peripherals.",main,be4b5af64c7ad1bb361636ade49bdfeb43bd847d,False,False,,True,343,1547,NOASSERTION,https://github.com/openhwfoundation/cvw/issues,https://github.com/openhwfoundation/cvw/pulls,https://github.com/openhwfoundation/cvw/commits/main,github,core,2026-09-28,expansion,metadata-only,"Check applicability, lineage, fixing revisions, and regression evidence before extracting review questions."
Wren6991/Hazard3,https://github.com/Wren6991/Hazard3,3-stage RV32IMACZb* processor with debug,stable,8af992930f71a69b0e06c38734c1094f41a05ca0,False,False,,True,30,17,Apache-2.0,https://github.com/Wren6991/Hazard3/issues,https://github.com/Wren6991/Hazard3/pulls,https://github.com/Wren6991/Hazard3/commits/stable,github,core,2026-09-28,initial,metadata-only,"Inspect debug, PMP, and atomic boundaries. Supplement the smaller issue corpus with commits and tests."
darklife/darkriscv,https://github.com/darklife/darkriscv,opensouce RISC-V cpu core implemented in Verilog from scratch in one night!,master,974034aa8079039a36b89c14dcdfed575de183b7,False,False,,True,50,51,BSD-3-Clause,https://github.com/darklife/darkriscv/issues,https://github.com/darklife/darkriscv/pulls,https://github.com/darklife/darkriscv/commits/master,github,core,2026-09-28,expansion,metadata-only,"Check applicability, lineage, fixing revisions, and regression evidence before extracting review questions."
splinedrive/kianRiscV,https://github.com/splinedrive/kianRiscV,"RISC-V XV6/Linux SoC, marchID: 0x2b, 0x34",master,da994e6c25b0667d6579922f4bab8d800d19e944,False,False,,True,5,11,ISC,https://github.com/splinedrive/kianRiscV/issues,https://github.com/splinedrive/kianRiscV/pulls,https://github.com/splinedrive/kianRiscV/commits/master,github,core,2026-09-28,expansion,metadata-only,"Check applicability, lineage, fixing revisions, and regression evidence before extracting review questions."
meiniKi/FazyRV,https://github.com/meiniKi/FazyRV,"A minimal-area RISC-V core with a scalable data path to 1, 2, 4, or 8 bits and manifold variants.",main,c8d9c7971b91c0c166aef6c236f1134b2c6ac1a1,False,False,,True,0,14,,https://github.com/meiniKi/FazyRV/issues,https://github.com/meiniKi/FazyRV/pulls,https://github.com/meiniKi/FazyRV/commits/main,github,core,2026-09-28,expansion,metadata-only,"Check applicability, lineage, fixing revisions, and regression evidence before extracting review questions."
chipsalliance/caliptra-rtl,https://github.com/chipsalliance/caliptra-rtl,HW Design Collateral  for Caliptra RoT IP,main,c46bf7ca8e0b6dd1c82aa812073c02d6cd8c4fbd,False,False,,True,612,794,Apache-2.0,https://github.com/chipsalliance/caliptra-rtl/issues,https://github.com/chipsalliance/caliptra-rtl/pulls,https://github.com/chipsalliance/caliptra-rtl/commits/main,github,related,2026-09-28,expansion,metadata-only,"Check applicability, lineage, fixing revisions, and regression evidence before extracting review questions."
chipsalliance/riscv-dv,https://github.com/chipsalliance/riscv-dv,Random instruction generator for RISC-V processor verification,master,0d71c2b666dec48dde0b804a2138426da56aa252,False,False,,True,374,673,Apache-2.0,https://github.com/chipsalliance/riscv-dv/issues,https://github.com/chipsalliance/riscv-dv/pulls,https://github.com/chipsalliance/riscv-dv/commits/master,github,related,2026-09-28,expansion,metadata-only,"Check applicability, lineage, fixing revisions, and regression evidence before extracting review questions."
riscv/riscv-arch-test,https://github.com/riscv/riscv-arch-test,The RISC-V Architectural Certification Tests (ACTs) are a set of assembly language tests designed to certify that a design faithfully implements the RISC-V specification.,act4,c46a753821d4581865e7c93c801ee78ca667a411,False,False,,True,622,1943,Apache-2.0,https://github.com/riscv/riscv-arch-test/issues,https://github.com/riscv/riscv-arch-test/pulls,https://github.com/riscv/riscv-arch-test/commits/act4,github,related,2026-09-28,expansion,metadata-only,"Check applicability, lineage, fixing revisions, and regression evidence before extracting review questions."
pulp-platform/riscv-dbg,https://github.com/pulp-platform/riscv-dbg,RISC-V Debug Support for our PULP RISC-V Cores,master,643607e19df3435cfd77cc56143e2637f5900a6e,False,False,,True,95,115,NOASSERTION,https://github.com/pulp-platform/riscv-dbg/issues,https://github.com/pulp-platform/riscv-dbg/pulls,https://github.com/pulp-platform/riscv-dbg/commits/master,github,related,2026-09-28,expansion,metadata-only,"Check applicability, lineage, fixing revisions, and regression evidence before extracting review questions."
pulp-platform/croc,https://github.com/pulp-platform/croc,"A PULP SoC for education, easy to understand and extend with a full flow for a physical design.",main,b301ef4439ab9b55322d2ac31d672fdcc67bc0c6,False,False,,True,27,108,NOASSERTION,https://github.com/pulp-platform/croc/issues,https://github.com/pulp-platform/croc/pulls,https://github.com/pulp-platform/croc/commits/main,github,related,2026-09-28,expansion,metadata-only,"Check applicability, lineage, fixing revisions, and regression evidence before extracting review questions."
pulp-platform/cv32e40x,https://github.com/pulp-platform/cv32e40x,"4 stage, in-order, compute RISC-V core based on the CV32E40P",pulp,1011574f3c1536033026f6c275da7facc34ad72d,False,True,openhwfoundation/cv32e40x,False,0,4,NOASSERTION,https://github.com/pulp-platform/cv32e40x/issues,https://github.com/pulp-platform/cv32e40x/pulls,https://github.com/pulp-platform/cv32e40x/commits/pulp,github,lineage,2026-09-28,expansion,metadata-only,"Check applicability, lineage, fixing revisions, and regression evidence before extracting review questions."
pulp-platform/cva6,https://github.com/pulp-platform/cva6,This is the fork of CVA6 intended for PULP development.,pulp-v3,1830a278760ec5fa6ac28acd03ce375a58de045f,False,True,openhwfoundation/cva6,True,6,66,NOASSERTION,https://github.com/pulp-platform/cva6/issues,https://github.com/pulp-platform/cva6/pulls,https://github.com/pulp-platform/cva6/commits/pulp-v3,github,lineage,2026-09-28,expansion,metadata-only,"Check applicability, lineage, fixing revisions, and regression evidence before extracting review questions."
XUANTIE-RV/openc906,https://github.com/XUANTIE-RV/openc906,OpenXuantie - OpenC906 Core,main,b0c06eb1f8b3bae663bd8b87eac89ff48e68a57f,False,False,,True,21,6,Apache-2.0,https://github.com/XUANTIE-RV/openc906/issues,https://github.com/XUANTIE-RV/openc906/pulls,https://github.com/XUANTIE-RV/openc906/commits/main,github,core,2026-09-28,expansion,metadata-only,"Check applicability, lineage, fixing revisions, and regression evidence before extracting review questions."
XUANTIE-RV/openc910,https://github.com/XUANTIE-RV/openc910,OpenXuantie - OpenC910 Core,main,b91c90914c19f114d35c8f6b73408eb241ed847c,False,False,,True,54,22,Apache-2.0,https://github.com/XUANTIE-RV/openc910/issues,https://github.com/XUANTIE-RV/openc910/pulls,https://github.com/XUANTIE-RV/openc910/commits/main,github,core,2026-09-28,expansion,metadata-only,"Check applicability, lineage, fixing revisions, and regression evidence before extracting review questions."
XUANTIE-RV/opene902,https://github.com/XUANTIE-RV/opene902,OpenXuantie - OpenE902 Core,main,991836411b405ac6a0a8d7668f2f5de6fa2a5b8c,False,False,,True,5,3,Apache-2.0,https://github.com/XUANTIE-RV/opene902/issues,https://github.com/XUANTIE-RV/opene902/pulls,https://github.com/XUANTIE-RV/opene902/commits/main,github,core,2026-09-28,expansion,metadata-only,"Check applicability, lineage, fixing revisions, and regression evidence before extracting review questions."
XUANTIE-RV/opene906,https://github.com/XUANTIE-RV/opene906,OpenXuantie - OpenE906 Core,main,c5b878958e73e0b8f324a8132943f184a7831c07,False,False,,True,8,2,Apache-2.0,https://github.com/XUANTIE-RV/opene906/issues,https://github.com/XUANTIE-RV/opene906/pulls,https://github.com/XUANTIE-RV/opene906/commits/main,github,core,2026-09-28,expansion,metadata-only,"Check applicability, lineage, fixing revisions, and regression evidence before extracting review questions."
minerva-cpu/minerva,https://github.com/minerva-cpu/minerva,A 32-bit RISC-V soft processor,main,6109879ea78c7f026ef42dc8ad7ae7780ab95ca1,False,False,,True,6,16,NOASSERTION,https://github.com/minerva-cpu/minerva/issues,https://github.com/minerva-cpu/minerva/pulls,https://github.com/minerva-cpu/minerva/commits/main,github,core,2026-09-28,expansion,metadata-only,"Check applicability, lineage, fixing revisions, and regression evidence before extracting review questions."
rsd-devel/rsd,https://github.com/rsd-devel/rsd,RSD: RISC-V Out-of-Order Superscalar Processor,master,7b65f6ba0bce58d4d859082660123b7100aae975,False,False,,True,64,55,Apache-2.0,https://github.com/rsd-devel/rsd/issues,https://github.com/rsd-devel/rsd/pulls,https://github.com/rsd-devel/rsd/commits/master,github,core,2026-09-28,expansion,metadata-only,"Check applicability, lineage, fixing revisions, and regression evidence before extracting review questions."
kuznia-rdzeni/coreblocks,https://github.com/kuznia-rdzeni/coreblocks,RISC-V out-of-order core for education and research purposes,master,7dbcf4a943b94cc79d513456b2b8d90804510577,False,False,,True,300,795,BSD-3-Clause,https://github.com/kuznia-rdzeni/coreblocks/issues,https://github.com/kuznia-rdzeni/coreblocks/pulls,https://github.com/kuznia-rdzeni/coreblocks/commits/master,github,core,2026-09-28,expansion,metadata-only,"Check applicability, lineage, fixing revisions, and regression evidence before extracting review questions."
vortexgpgpu/vortex,https://github.com/vortexgpgpu/vortex,,master,63c381a9b7e4f4960619d221edd8af1ae091cad5,False,False,,True,188,200,Apache-2.0,https://github.com/vortexgpgpu/vortex/issues,https://github.com/vortexgpgpu/vortex/pulls,https://github.com/vortexgpgpu/vortex/commits/master,github,related,2026-09-28,expansion,metadata-only,"Check applicability, lineage, fixing revisions, and regression evidence before extracting review questions."
ucb-bar/riscv-sodor,https://github.com/ucb-bar/riscv-sodor,educational microarchitectures for risc-v isa,master,49424e43f25b54ce4d0f68ac1d5894504c23d942,False,False,,True,37,51,NOASSERTION,https://github.com/ucb-bar/riscv-sodor/issues,https://github.com/ucb-bar/riscv-sodor/pulls,https://github.com/ucb-bar/riscv-sodor/commits/master,github,core,2026-09-28,expansion,metadata-only,"Check applicability, lineage, fixing revisions, and regression evidence before extracting review questions."
csail-csg/riscy-OOO,https://github.com/csail-csg/riscy-OOO,RiscyOO: RISC-V Out-of-Order Processor,master,4d84c7c6fd84ae351fceba8a67232022e71785e9,False,False,,True,6,4,MIT,https://github.com/csail-csg/riscy-OOO/issues,https://github.com/csail-csg/riscy-OOO/pulls,https://github.com/csail-csg/riscy-OOO/commits/master,github,lineage,2026-09-28,expansion,metadata-only,"Check applicability, lineage, fixing revisions, and regression evidence before extracting review questions."
RoaLogic/RV12,https://github.com/RoaLogic/RV12,RISC-V CPU Core,master,526bd14da6f6eb0bf04460d5d50519f61bcbc84a,False,False,,True,36,17,NOASSERTION,https://github.com/RoaLogic/RV12/issues,https://github.com/RoaLogic/RV12/pulls,https://github.com/RoaLogic/RV12/commits/master,github,core,2026-09-28,expansion,metadata-only,Review the actual license terms before selecting material for redistribution.
tomverbeure/mr1,https://github.com/tomverbeure/mr1,MR1 formally verified RISC-V CPU,master,801f0433fa49274eb94683df0f1a51c0540355c8,False,False,,True,0,0,Unlicense,https://github.com/tomverbeure/mr1/issues,https://github.com/tomverbeure/mr1/pulls,https://github.com/tomverbeure/mr1/commits/master,github,core,2026-09-28,expansion,metadata-only,"Check applicability, lineage, fixing revisions, and regression evidence before extracting review questions."
bieganski/mtkcpu,https://github.com/bieganski/mtkcpu,RISC-V CPU implementation in Amaranth HDL (aka nMigen),main,64f58673124aaf354b41c6f86477916956e16be5,False,False,,True,11,67,GPL-2.0,https://github.com/bieganski/mtkcpu/issues,https://github.com/bieganski/mtkcpu/pulls,https://github.com/bieganski/mtkcpu/commits/main,github,core,2026-09-28,expansion,metadata-only,"Check applicability, lineage, fixing revisions, and regression evidence before extracting review questions."
shaktiproject/cores/c-class,https://gitlab.com/shaktiproject/cores/c-class,The C-class micro-processor,master,,,,,,,,,https://gitlab.com/shaktiproject/cores/c-class/-/issues,https://gitlab.com/shaktiproject/cores/c-class/-/merge_requests,https://gitlab.com/shaktiproject/cores/c-class/-/commits/master,gitlab,gitlab-candidate,2026-09-28,expansion,project-metadata-only,Public project metadata was accessible. Bulk issue/MR/comment/diff access and counts remain unverified.
shaktiproject/cores/e-class,https://gitlab.com/shaktiproject/cores/e-class,The E-class Micro-processor of the SHAKTI family,master,,,,,,,,,https://gitlab.com/shaktiproject/cores/e-class/-/issues,https://gitlab.com/shaktiproject/cores/e-class/-/merge_requests,https://gitlab.com/shaktiproject/cores/e-class/-/commits/master,gitlab,gitlab-candidate,2026-09-28,expansion,project-metadata-only,Public project metadata was accessible. Bulk issue/MR/comment/diff access and counts remain unverified.
incoresemi/core-generators/chromite,https://gitlab.com/incoresemi/core-generators/chromite,,master,,,,,,,,,https://gitlab.com/incoresemi/core-generators/chromite/-/issues,https://gitlab.com/incoresemi/core-generators/chromite/-/merge_requests,https://gitlab.com/incoresemi/core-generators/chromite/-/commits/master,gitlab,gitlab-candidate,2026-09-28,expansion,project-metadata-only,Public project metadata was accessible. Bulk issue/MR/comment/diff access and counts remain unverified.
